date,daily_electrical_consumption
2015-01-01,3227643.0
2015-01-02,3273903.0
2015-01-03,2787401.0
2015-01-04,2912191.0
2015-01-05,2152950.0
2015-01-06,2259053.0
2015-01-07,2440843.0
2015-01-08,1907286.0
2015-01-09,2282859.0
2015-01-10,2421375.0
2015-01-11,2222128.0
2015-01-12,3043552.0
2015-01-13,3285089.0
2015-01-14,3284214.0
2015-01-15,3292674.0
2015-01-16,3270901.0
2015-01-17,3126326.0
2015-01-18,3126831.0
2015-01-19,3564000.0
2015-01-20,3691347.0
2015-01-21,3729082.0
2015-01-22,3734249.0
2015-01-23,3784974.0
2015-01-24,3497995.0
2015-01-25,3317466.0
2015-01-26,3590320.0
2015-01-27,3554302.0
2015-01-28,3568263.0
2015-01-29,3563595.0
2015-01-30,3593368.0
2015-01-31,3326494.0
2015-02-01,3312086.0
2015-02-02,3666416.0
2015-02-03,3059688.0
2015-02-04,2960875.0
2015-02-05,2173635.0
2015-02-06,2329004.0
2015-02-07,2451088.0
2015-02-08,1796799.0
2015-02-09,2261002.0
2015-02-10,2410902.0
2015-02-11,2663333.0
2015-02-12,3098191.0
2015-02-13,3452917.0
2015-02-14,3083468.0
2015-02-15,2952387.0
2015-02-16,3393714.0
2015-02-17,3426014.0
2015-02-18,3455302.0
2015-02-19,3458434.0
2015-02-20,3409179.0
2015-02-21,3135423.0
2015-02-22,3074705.0
2015-02-23,3355037.0
2015-02-24,3431026.0
2015-02-25,3354549.0
2015-02-26,3281102.0
2015-02-27,3284519.0
2015-02-28,3078665.0
2015-03-01,3076515.0
2015-03-02,3797984.0
2015-03-03,3127174.0
2015-03-04,2872135.0
2015-03-05,2032488.0
2015-03-06,2335093.0
2015-03-07,2438230.0
2015-03-08,2077422.0
2015-03-09,2273392.0
2015-03-10,2140616.0
2015-03-11,2729250.0
2015-03-12,3184084.0
2015-03-13,2981377.0
2015-03-14,2822112.0
2015-03-15,2770873.0
2015-03-16,3063898.0
2015-03-17,2991968.0
2015-03-18,2885061.0
2015-03-19,2965098.0
2015-03-20,2988537.0
2015-03-21,2766682.0
2015-03-22,2688899.0
2015-03-23,2981802.0
2015-03-24,3054872.0
2015-03-25,3158697.0
2015-03-26,3206834.0
2015-03-27,3024927.0
2015-03-28,2670145.0
2015-03-29,2509422.0
2015-03-30,2805624.0
2015-03-31,2821741.0
2015-04-01,2826180.0
2015-04-02,3886704.0
2015-04-03,3219046.0
2015-04-04,2623626.0
2015-04-05,2331717.0
2015-04-06,2353350.0
2015-04-07,2167995.0
2015-04-08,2089720.0
2015-04-09,2249674.0
2015-04-10,2029030.0
2015-04-11,2671967.0
2015-04-12,3102908.0
2015-04-13,2389120.0
2015-04-14,2382080.0
2015-04-15,2346799.0
2015-04-16,2347248.0
2015-04-17,2355438.0
2015-04-18,2139183.0
2015-04-19,2047516.0
2015-04-20,2370207.0
2015-04-21,2378945.0
2015-04-22,2359218.0
2015-04-23,2359502.0
2015-04-24,2332675.0
2015-04-25,2075653.0
2015-04-26,1973383.0
2015-04-27,2382747.0
2015-04-28,2494423.0
2015-04-29,2523020.0
2015-04-30,2526819.0
2015-05-01,3421196.0
2015-05-02,3940525.0
2015-05-03,3269881.0
2015-05-04,2526594.0
2015-05-05,2334165.0
2015-05-06,2341310.0
2015-05-07,1971844.0
2015-05-08,2112705.0
2015-05-09,1987053.0
2015-05-10,2381146.0
2015-05-11,2634355.0
2015-05-12,2889173.0
2015-05-13,2280266.0
2015-05-14,1997749.0
2015-05-15,2162860.0
2015-05-16,2053779.0
2015-05-17,1911560.0
2015-05-18,2261517.0
2015-05-19,2359599.0
2015-05-20,2411598.0
2015-05-21,2420337.0
2015-05-22,2360436.0
2015-05-23,2064274.0
2015-05-24,1878204.0
2015-05-25,1956580.0
2015-05-26,2283614.0
2015-05-27,2317135.0
2015-05-28,2324325.0
2015-05-29,2299017.0
2015-05-30,2025336.0
2015-05-31,1894293.0
2015-06-01,3620680.0
2015-06-02,4060668.0
2015-06-03,3205221.0
2015-06-04,2547505.0
2015-06-05,2366339.0
2015-06-06,2028543.0
2015-06-07,2358597.0
2015-06-08,2145250.0
2015-06-09,1871638.0
2015-06-10,2394967.0
2015-06-11,2561173.0
2015-06-12,2674718.0
2015-06-13,1992139.0
2015-06-14,1851932.0
2015-06-15,2211036.0
2015-06-16,2267688.0
2015-06-17,2279334.0
2015-06-18,2305605.0
2015-06-19,2246925.0
2015-06-20,1985658.0
2015-06-21,1848950.0
2015-06-22,2243698.0
2015-06-23,2297796.0
2015-06-24,2302824.0
2015-06-25,2323708.0
2015-06-26,2319938.0
2015-06-27,2043978.0
2015-06-28,1909586.0
2015-06-29,2302607.0
2015-06-30,2405660.0
2015-07-01,3568040.0
2015-07-02,3669758.0
2015-07-03,2857108.0
2015-07-04,2800858.0
2015-07-05,2374326.0
2015-07-06,1868828.0
2015-07-07,2436782.0
2015-07-08,2129509.0
2015-07-09,2236116.0
2015-07-10,2416173.0
2015-07-11,2228774.0
2015-07-12,2942244.0
2015-07-13,2142796.0
2015-07-14,2010878.0
2015-07-15,2353162.0
2015-07-16,2430251.0
2015-07-17,2407980.0
2015-07-18,2105919.0
2015-07-19,1925956.0
2015-07-20,2324014.0
2015-07-21,2413329.0
2015-07-22,2383832.0
2015-07-23,2350559.0
2015-07-24,2315287.0
2015-07-25,2010406.0
2015-07-26,1859461.0
2015-07-27,2180709.0
2015-07-28,2228784.0
2015-07-29,2221629.0
2015-07-30,2188848.0
2015-07-31,2139496.0
2015-08-01,3440033.0
2015-08-02,3389622.0
2015-08-03,2629279.0
2015-08-04,2751738.0
2015-08-05,2053187.0
2015-08-06,2232833.0
2015-08-07,2369912.0
2015-08-08,1917533.0
2015-08-09,2296524.0
2015-08-10,2433297.0
2015-08-11,2109360.0
2015-08-12,3042600.0
2015-08-13,2061164.0
2015-08-14,2007092.0
2015-08-15,1789299.0
2015-08-16,1708279.0
2015-08-17,1965697.0
2015-08-18,2031272.0
2015-08-19,2050275.0
2015-08-20,2080991.0
2015-08-21,2095125.0
2015-08-22,1921313.0
2015-08-23,1790171.0
2015-08-24,2107025.0
2015-08-25,2172507.0
2015-08-26,2221778.0
2015-08-27,2258709.0
2015-08-28,2235699.0
2015-08-29,2017005.0
2015-08-30,1897172.0
2015-08-31,2264050.0
2015-09-01,3264242.0
2015-09-02,3670270.0
2015-09-03,2901218.0
2015-09-04,2637155.0
2015-09-05,1999321.0
2015-09-06,2294131.0
2015-09-07,2351090.0
2015-09-08,1760235.0
2015-09-09,2305955.0
2015-09-10,2431364.0
2015-09-11,2457415.0
2015-09-12,3101916.0
2015-09-13,1891617.0
2015-09-14,2235675.0
2015-09-15,2320181.0
2015-09-16,2365563.0
2015-09-17,2352577.0
2015-09-18,2310279.0
2015-09-19,2043778.0
2015-09-20,1912339.0
2015-09-21,2269460.0
2015-09-22,2353749.0
2015-09-23,2374540.0
2015-09-24,2385344.0
2015-09-25,2335661.0
2015-09-26,2071099.0
2015-09-27,1949354.0
2015-09-28,2308005.0
2015-09-29,2383454.0
2015-09-30,2396862.0
2015-10-01,2772220.0
2015-10-02,3663485.0
2015-10-03,2981305.0
2015-10-04,2535963.0
2015-10-05,1887052.0
2015-10-06,2301841.0
2015-10-07,2341947.0
2015-10-08,1970533.0
2015-10-09,2307076.0
2015-10-10,2184608.0
2015-10-11,2563066.0
2015-10-12,3313825.0
2015-10-13,2613955.0
2015-10-14,2774813.0
2015-10-15,2900995.0
2015-10-16,2928120.0
2015-10-17,2568134.0
2015-10-18,2385023.0
2015-10-19,2738033.0
2015-10-20,2786639.0
2015-10-21,2821754.0
2015-10-22,2788317.0
2015-10-23,2686758.0
2015-10-24,2399519.0
2015-10-25,2231223.0
2015-10-26,2590765.0
2015-10-27,2608704.0
2015-10-28,2625472.0
2015-10-29,2663126.0
2015-10-30,2614424.0
2015-10-31,2333352.0
2015-11-01,2759836.0
2015-11-02,3582668.0
2015-11-03,2921170.0
2015-11-04,2279761.0
2015-11-05,2224272.0
2015-11-06,2333319.0
2015-11-07,2087306.0
2015-11-08,2036158.0
2015-11-09,2284225.0
2015-11-10,2063534.0
2015-11-11,2333946.0
2015-11-12,3265504.0
2015-11-13,2683262.0
2015-11-14,2495439.0
2015-11-15,2331884.0
2015-11-16,2694487.0
2015-11-17,2735122.0
2015-11-18,2673580.0
2015-11-19,2696936.0
2015-11-20,2719615.0
2015-11-21,2688629.0
2015-11-22,2778446.0
2015-11-23,3268851.0
2015-11-24,3456476.0
2015-11-25,3275022.0
2015-11-26,3223475.0
2015-11-27,3280320.0
2015-11-28,3007189.0
2015-11-29,2818546.0
2015-11-30,3049952.0
2015-12-01,3284665.0
2015-12-02,3560641.0
2015-12-03,2926754.0
2015-12-04,2130010.0
2015-12-05,2272921.0
2015-12-06,2286057.0
2015-12-07,1914791.0
2015-12-08,2073498.0
2015-12-09,2018205.0
2015-12-10,2472764.0
2015-12-11,2639916.0
2015-12-12,2887497.0
2015-12-13,2840673.0
2015-12-14,3199452.0
2015-12-15,3162949.0
2015-12-16,3027739.0
2015-12-17,2939927.0
2015-12-18,2870978.0
2015-12-19,2598229.0
2015-12-20,2487287.0
2015-12-21,2788329.0
2015-12-22,2816192.0
2015-12-23,2766974.0
2015-12-24,2625963.0
2015-12-25,2321139.0
2015-12-26,2431699.0
2015-12-27,2451094.0
2015-12-28,2730223.0
2015-12-29,2747346.0
2015-12-30,2801885.0
2015-12-31,2734978.0
2016-01-01,2581916.0
2016-01-02,2965694.0
2016-01-03,3436673.0
2016-01-04,2922900.0
2016-01-05,2346996.0
2016-01-06,2333162.0
2016-01-07,2286787.0
2016-01-08,2052818.0
2016-01-09,2331397.0
2016-01-10,2036959.0
2016-01-11,2355034.0
2016-01-12,3538592.0
2016-01-13,3439438.0
2016-01-14,3485341.0
2016-01-15,3582509.0
2016-01-16,3373075.0
2016-01-17,3274190.0
2016-01-18,3758615.0
2016-01-19,3791914.0
2016-01-20,3766655.0
2016-01-21,3779067.0
2016-01-22,3709013.0
2016-01-23,3140140.0
2016-01-24,2926945.0
2016-01-25,3191615.0
2016-01-26,3173981.0
2016-01-27,3160571.0
2016-01-28,3154566.0
2016-01-29,3200723.0
2016-01-30,2941433.0
2016-01-31,2718098.0
2016-02-01,2663018.0
2016-02-02,3025766.0
2016-02-03,3283680.0
2016-02-04,2650313.0
2016-02-05,2578876.0
2016-02-06,2357929.0
2016-02-07,2005024.0
2016-02-08,2106744.0
2016-02-09,2315507.0
2016-02-10,1927668.0
2016-02-11,2707381.0
2016-02-12,3527380.0
2016-02-13,3015758.0
2016-02-14,2839380.0
2016-02-15,3389457.0
2016-02-16,3533636.0
2016-02-17,3611796.0
2016-02-18,3604888.0
2016-02-19,3460657.0
2016-02-20,3075727.0
2016-02-21,2699031.0
2016-02-22,3037059.0
2016-02-23,3114349.0
2016-02-24,3224576.0
2016-02-25,3262483.0
2016-02-26,3310757.0
2016-02-27,3105688.0
2016-02-28,3011072.0
2016-02-29,3421678.0
2016-03-01,2725357.0
2016-03-02,3180460.0
2016-03-03,3357204.0
2016-03-04,2332944.0
2016-03-05,2530964.0
2016-03-06,2332329.0
2016-03-07,1872599.0
2016-03-08,2126115.0
2016-03-09,2051999.0
2016-03-10,2275017.0
2016-03-11,2883597.0
2016-03-12,3201576.0
2016-03-13,2787195.0
2016-03-14,3116265.0
2016-03-15,3111158.0
2016-03-16,3224286.0
2016-03-17,3199936.0
2016-03-18,3093203.0
2016-03-19,2837141.0
2016-03-20,2705070.0
2016-03-21,2995226.0
2016-03-22,2980117.0
2016-03-23,3030001.0
2016-03-24,2996981.0
2016-03-25,2949457.0
2016-03-26,2578775.0
2016-03-27,2452085.0
2016-03-28,2517659.0
2016-03-29,2845776.0
2016-03-30,2831286.0
2016-03-31,2850319.0
2016-04-01,3092979.0
2016-04-02,3334985.0
2016-04-03,3278902.0
2016-04-04,2635194.0
2016-04-05,2479847.0
2016-04-06,2045232.0
2016-04-07,2242624.0
2016-04-08,2114388.0
2016-04-09,1922644.0
2016-04-10,2348502.0
2016-04-11,2943626.0
2016-04-12,3122459.0
2016-04-13,2588092.0
2016-04-14,2598210.0
2016-04-15,2534668.0
2016-04-16,2284957.0
2016-04-17,2242116.0
2016-04-18,2642277.0
2016-04-19,2626627.0
2016-04-20,2537289.0
2016-04-21,2494036.0
2016-04-22,2446661.0
2016-04-23,2297783.0
2016-04-24,2346296.0
2016-04-25,2787687.0
2016-04-26,2815283.0
2016-04-27,2861891.0
2016-04-28,2802852.0
2016-04-29,2730381.0
2016-04-30,2490136.0
2016-05-01,3231833.0
2016-05-02,3123339.0
2016-05-03,3029809.0
2016-05-04,2632625.0
2016-05-05,2091899.0
2016-05-06,1881579.0
2016-05-07,2305531.0
2016-05-08,2047046.0
2016-05-09,2269960.0
2016-05-10,2375238.0
2016-05-11,2594325.0
2016-05-12,3378449.0
2016-05-13,2351897.0
2016-05-14,2114541.0
2016-05-15,1996222.0
2016-05-16,2066498.0
2016-05-17,2330928.0
2016-05-18,2352135.0
2016-05-19,2383366.0
2016-05-20,2343714.0
2016-05-21,2029230.0
2016-05-22,1913243.0
2016-05-23,2316911.0
2016-05-24,2364791.0
2016-05-25,2317704.0
2016-05-26,2266487.0
2016-05-27,2228590.0
2016-05-28,1965571.0
2016-05-29,1845215.0
2016-05-30,2247598.0
2016-05-31,2349298.0
2016-06-01,3266928.0
2016-06-02,2809523.0
2016-06-03,2965817.0
2016-06-04,2801647.0
2016-06-05,2131478.0
2016-06-06,2200467.0
2016-06-07,2314172.0
2016-06-08,1868474.0
2016-06-09,2347102.0
2016-06-10,2430716.0
2016-06-11,2586811.0
2016-06-12,3387757.0
2016-06-13,2192053.0
2016-06-14,2229121.0
2016-06-15,2262953.0
2016-06-16,2276045.0
2016-06-17,2253424.0
2016-06-18,1996621.0
2016-06-19,1868246.0
2016-06-20,2230723.0
2016-06-21,2297276.0
2016-06-22,2316041.0
2016-06-23,2325567.0
2016-06-24,2276862.0
2016-06-25,1992020.0
2016-06-26,1855938.0
2016-06-27,2208232.0
2016-06-28,2269790.0
2016-06-29,2288703.0
2016-06-30,2306647.0
2016-07-01,3252392.0
2016-07-02,2715231.0
2016-07-03,3363533.0
2016-07-04,2714473.0
2016-07-05,1980448.0
2016-07-06,2233295.0
2016-07-07,2338656.0
2016-07-08,1777321.0
2016-07-09,2337874.0
2016-07-10,2460255.0
2016-07-11,3143965.0
2016-07-12,3411628.0
2016-07-13,2255872.0
2016-07-14,1948074.0
2016-07-15,2077706.0
2016-07-16,1961102.0
2016-07-17,1868024.0
2016-07-18,2266997.0
2016-07-19,2368506.0
2016-07-20,2366920.0
2016-07-21,2345835.0
2016-07-22,2279239.0
2016-07-23,2008320.0
2016-07-24,1874412.0
2016-07-25,2226277.0
2016-07-26,2270966.0
2016-07-27,2265730.0
2016-07-28,2263858.0
2016-07-29,2220813.0
2016-07-30,1977122.0
2016-07-31,1820436.0
2016-08-01,3208986.0
2016-08-02,3120121.0
2016-08-03,3435827.0
2016-08-04,2824271.0
2016-08-05,1873597.0
2016-08-06,2234880.0
2016-08-07,2327956.0
2016-08-08,2008803.0
2016-08-09,2331247.0
2016-08-10,2204257.0
2016-08-11,3265409.0
2016-08-12,3402550.0
2016-08-13,1896806.0
2016-08-14,1778501.0
2016-08-15,1822403.0
2016-08-16,2071016.0
2016-08-17,2107368.0
2016-08-18,2104689.0
2016-08-19,2096734.0
2016-08-20,1913657.0
2016-08-21,1777435.0
2016-08-22,2108156.0
2016-08-23,2226286.0
2016-08-24,2274897.0
2016-08-25,2308960.0
2016-08-26,2300649.0
2016-08-27,2075933.0
2016-08-28,1908760.0
2016-08-29,2232851.0
2016-08-30,2293431.0
2016-08-31,2319030.0
2016-09-01,2854907.0
2016-09-02,3225346.0
2016-09-03,3384644.0
2016-09-04,2561166.0
2016-09-05,2252905.0
2016-09-06,2235006.0
2016-09-07,2077110.0
2016-09-08,2025396.0
2016-09-09,2304757.0
2016-09-10,2116815.0
2016-09-11,3254404.0
2016-09-12,3326998.0
2016-09-13,2343070.0
2016-09-14,2308325.0
2016-09-15,2279698.0
2016-09-16,2247218.0
2016-09-17,1987833.0
2016-09-18,1885476.0
2016-09-19,2223423.0
2016-09-20,2277646.0
2016-09-21,2280250.0
2016-09-22,2283439.0
2016-09-23,2256701.0
2016-09-24,2001202.0
2016-09-25,1872199.0
2016-09-26,2228237.0
2016-09-27,2294694.0
2016-09-28,2292341.0
2016-09-29,2293463.0
2016-09-30,2271919.0
2016-10-01,2783922.0
2016-10-02,3370686.0
2016-10-03,3332218.0
2016-10-04,2362678.0
2016-10-05,2319116.0
2016-10-06,2203791.0
2016-10-07,1951960.0
2016-10-08,1998380.0
2016-10-09,2040340.0
2016-10-10,2561824.0
2016-10-11,3133556.0
2016-10-12,3084960.0
2016-10-13,2782183.0
2016-10-14,2722266.0
2016-10-15,2352401.0
2016-10-16,2185510.0
2016-10-17,2509691.0
2016-10-18,2590777.0
2016-10-19,2664273.0
2016-10-20,2700731.0
2016-10-21,2707383.0
2016-10-22,2482419.0
2016-10-23,2385132.0
2016-10-24,2626207.0
2016-10-25,2633202.0
2016-10-26,2649091.0
2016-10-27,2674198.0
2016-10-28,2675734.0
2016-10-29,2412161.0
2016-10-30,2269376.0
2016-10-31,2463233.0
2016-11-01,3186708.0
2016-11-02,3375458.0
2016-11-03,3234622.0
2016-11-04,2598571.0
2016-11-05,2343317.0
2016-11-06,1953912.0
2016-11-07,2276981.0
2016-11-08,2006558.0
2016-11-09,1910115.0
2016-11-10,2665231.0
2016-11-11,2772817.0
2016-11-12,2946352.0
2016-11-13,2705963.0
2016-11-14,3086143.0
2016-11-15,3117646.0
2016-11-16,3024010.0
2016-11-17,2965437.0
2016-11-18,2974989.0
2016-11-19,2782527.0
2016-11-20,2585245.0
2016-11-21,2846423.0
2016-11-22,2959557.0
2016-11-23,2960391.0
2016-11-24,2941696.0
2016-11-25,2991520.0
2016-11-26,2755569.0
2016-11-27,2675965.0
2016-11-28,3189771.0
2016-11-29,3476686.0
2016-11-30,3511123.0
2016-12-01,3326144.0
2016-12-02,3388769.0
2016-12-03,2904601.0
2016-12-04,2608437.0
2016-12-05,2363898.0
2016-12-06,1842217.0
2016-12-07,2292713.0
2016-12-08,2025153.0
2016-12-09,2280347.0
2016-12-10,2731866.0
2016-12-11,2891628.0
2016-12-12,3288489.0
2016-12-13,3338893.0
2016-12-14,3329055.0
2016-12-15,3369534.0
2016-12-16,3251100.0
2016-12-17,3085016.0
2016-12-18,3072075.0
2016-12-19,3477711.0
2016-12-20,3495067.0
2016-12-21,3472140.0
2016-12-22,3318506.0
2016-12-23,3190348.0
2016-12-24,2822451.0
2016-12-25,2579144.0
2016-12-26,2785587.0
2016-12-27,3045824.0
2016-12-28,3211529.0
2016-12-29,3378211.0
2016-12-30,3478180.0
2016-12-31,3450785.0
2017-01-01,3303237.0
2017-01-02,3171551.0
2017-01-03,3240128.0
2017-01-04,2255307.0
2017-01-05,2219801.0
2017-01-06,2296519.0
2017-01-07,1998032.0
2017-01-08,2163188.0
2017-01-09,2222675.0
2017-01-10,1981652.0
2017-01-11,2509458.0
2017-01-12,3643904.0
2017-01-13,3584960.0
2017-01-14,3412316.0
2017-01-15,3331986.0
2017-01-16,3663872.0
2017-01-17,3943011.0
2017-01-18,4122552.0
2017-01-19,4157497.0
2017-01-20,4109446.0
2017-01-21,3800150.0
2017-01-22,3638358.0
2017-01-23,3921817.0
2017-01-24,4013425.0
2017-01-25,4084698.0
2017-01-26,4074684.0
2017-01-27,3829832.0
2017-01-28,3273341.0
2017-01-29,3117707.0
2017-01-30,3367213.0
2017-01-31,3227184.0
2017-02-01,3529932.0
2017-02-02,3159116.0
2017-02-03,3071436.0
2017-02-04,2195568.0
2017-02-05,2580472.0
2017-02-06,2276424.0
2017-02-07,1876909.0
2017-02-08,2186156.0
2017-02-09,1976266.0
2017-02-10,2328482.0
2017-02-11,2696521.0
2017-02-12,3481288.0
2017-02-13,3267238.0
2017-02-14,3205802.0
2017-02-15,3064707.0
2017-02-16,3047996.0
2017-02-17,3049532.0
2017-02-18,2831718.0
2017-02-19,2770186.0
2017-02-20,3059182.0
2017-02-21,3008388.0
2017-02-22,2989356.0
2017-02-23,3024580.0
2017-02-24,3049473.0
2017-02-25,2893678.0
2017-02-26,2699732.0
2017-02-27,3033853.0
2017-02-28,3212601.0
2017-03-01,3766389.0
2017-03-02,3187647.0
2017-03-03,2983500.0
2017-03-04,2492510.0
2017-03-05,2627858.0
2017-03-06,1994054.0
2017-03-07,2229384.0
2017-03-08,2201337.0
2017-03-09,1873533.0
2017-03-10,2367512.0
2017-03-11,2647318.0
2017-03-12,3408113.0
2017-03-13,2740771.0
2017-03-14,2809358.0
2017-03-15,2760852.0
2017-03-16,2699788.0
2017-03-17,2662974.0
2017-03-18,2509710.0
2017-03-19,2337256.0
2017-03-20,2685073.0
2017-03-21,2779102.0
2017-03-22,2889931.0
2017-03-23,2914581.0
2017-03-24,2901331.0
2017-03-25,2548498.0
2017-03-26,2348843.0
2017-03-27,2588335.0
2017-03-28,2577957.0
2017-03-29,2536045.0
2017-03-30,2469824.0
2017-03-31,2407651.0
2017-04-01,3843991.0
2017-04-02,2986302.0
2017-04-03,2756196.0
2017-04-04,2515178.0
2017-04-05,2600544.0
2017-04-06,1820201.0
2017-04-07,2309090.0
2017-04-08,2177685.0
2017-04-09,2217581.0
2017-04-10,2400938.0
2017-04-11,2394743.0
2017-04-12,3572203.0
2017-04-13,2452258.0
2017-04-14,2403965.0
2017-04-15,2212000.0
2017-04-16,2087496.0
2017-04-17,2158193.0
2017-04-18,2543576.0
2017-04-19,2680466.0
2017-04-20,2726554.0
2017-04-21,2642868.0
2017-04-22,2304845.0
2017-04-23,2144595.0
2017-04-24,2457095.0
2017-04-25,2566479.0
2017-04-26,2747185.0
2017-04-27,2832065.0
2017-04-28,2787558.0
2017-04-29,2405475.0
2017-04-30,2208658.0
2017-05-01,3769672.0
2017-05-02,2914980.0
2017-05-03,2776957.0
2017-05-04,2537927.0
2017-05-05,2511660.0
2017-05-06,1902213.0
2017-05-07,2348394.0
2017-05-08,1959737.0
2017-05-09,2286356.0
2017-05-10,2430882.0
2017-05-11,2375852.0
2017-05-12,3540700.0
2017-05-13,2089327.0
2017-05-14,1946947.0
2017-05-15,2268640.0
2017-05-16,2285290.0
2017-05-17,2283469.0
2017-05-18,2297800.0
2017-05-19,2292377.0
2017-05-20,2056838.0
2017-05-21,1911940.0
2017-05-22,2227474.0
2017-05-23,2264744.0
2017-05-24,2264170.0
2017-05-25,1966462.0
2017-05-26,2067116.0
2017-05-27,1960461.0
2017-05-28,1860887.0
2017-05-29,2234719.0
2017-05-30,2283650.0
2017-05-31,2281938.0
2017-06-01,3917136.0
2017-06-02,3330355.0
2017-06-03,3127989.0
2017-06-04,2582492.0
2017-06-05,2257143.0
2017-06-06,2215305.0
2017-06-07,2384266.0
2017-06-08,1799973.0
2017-06-09,2286778.0
2017-06-10,2422332.0
2017-06-11,2935250.0
2017-06-12,3565450.0
2017-06-13,2317397.0
2017-06-14,2340005.0
2017-06-15,2364929.0
2017-06-16,2316182.0
2017-06-17,2053403.0
2017-06-18,1936727.0
2017-06-19,2344763.0
2017-06-20,2440940.0
2017-06-21,2471423.0
2017-06-22,2486249.0
2017-06-23,2385601.0
2017-06-24,2084196.0
2017-06-25,1928168.0
2017-06-26,2291654.0
2017-06-27,2350199.0
2017-06-28,2295296.0
2017-06-29,2259794.0
2017-06-30,2235113.0
2017-07-01,3756992.0
2017-07-02,3318529.0
2017-07-03,3188021.0
2017-07-04,2545011.0
2017-07-05,2117436.0
2017-07-06,2251032.0
2017-07-07,2387863.0
2017-07-08,2017470.0
2017-07-09,2281900.0
2017-07-10,2217185.0
2017-07-11,3128057.0
2017-07-12,3607412.0
2017-07-13,2301460.0
2017-07-14,1991254.0
2017-07-15,1963011.0
2017-07-16,1896373.0
2017-07-17,2292593.0
2017-07-18,2384810.0
2017-07-19,2379416.0
2017-07-20,2320769.0
2017-07-21,2270877.0
2017-07-22,2015358.0
2017-07-23,1876705.0
2017-07-24,2195272.0
2017-07-25,2243060.0
2017-07-26,2257067.0
2017-07-27,2254712.0
2017-07-28,2209023.0
2017-07-29,1979506.0
2017-07-30,1847176.0
2017-07-31,2109584.0
2017-08-01,3397483.0
2017-08-02,3396230.0
2017-08-03,3137399.0
2017-08-04,2193573.0
2017-08-05,2184603.0
2017-08-06,2272506.0
2017-08-07,2107514.0
2017-08-08,2027545.0
2017-08-09,2276302.0
2017-08-10,2073713.0
2017-08-11,3164071.0
2017-08-12,3488302.0
2017-08-13,1742986.0
2017-08-14,1916655.0
2017-08-15,1828548.0
2017-08-16,2013276.0
2017-08-17,2068642.0
2017-08-18,2076698.0
2017-08-19,1892002.0
2017-08-20,1785648.0
2017-08-21,2089993.0
2017-08-22,2175659.0
2017-08-23,2196883.0
2017-08-24,2216626.0
2017-08-25,2215015.0
2017-08-26,2005751.0
2017-08-27,1884782.0
2017-08-28,2263304.0
2017-08-29,2344712.0
2017-08-30,2335222.0
2017-08-31,2266153.0
2017-09-01,3610002.0
2017-09-02,3517228.0
2017-09-03,2923533.0
2017-09-04,1999469.0
2017-09-05,2466218.0
2017-09-06,2253976.0
2017-09-07,1932720.0
2017-09-08,2006395.0
2017-09-09,2009325.0
2017-09-10,2401250.0
2017-09-11,3122458.0
2017-09-12,3368181.0
2017-09-13,2351601.0
2017-09-14,2352017.0
2017-09-15,2335148.0
2017-09-16,2105107.0
2017-09-17,2022068.0
2017-09-18,2382295.0
2017-09-19,2443698.0
2017-09-20,2447312.0
2017-09-21,2403405.0
2017-09-22,2364790.0
2017-09-23,2094118.0
2017-09-24,1952197.0
2017-09-25,2301150.0
2017-09-26,2352169.0
2017-09-27,2358401.0
2017-09-28,2350973.0
2017-09-29,2312849.0
2017-09-30,2070170.0
2017-10-01,3602776.0
2017-10-02,3553268.0
2017-10-03,2804526.0
2017-10-04,2316312.0
2017-10-05,2446328.0
2017-10-06,2002749.0
2017-10-07,2256602.0
2017-10-08,2004845.0
2017-10-09,1890823.0
2017-10-10,2432693.0
2017-10-11,3042079.0
2017-10-12,3183546.0
2017-10-13,2367220.0
2017-10-14,2099167.0
2017-10-15,1965746.0
2017-10-16,2301398.0
2017-10-17,2360033.0
2017-10-18,2380109.0
2017-10-19,2379751.0
2017-10-20,2381487.0
2017-10-21,2152630.0
2017-10-22,2109202.0
2017-10-23,2509181.0
2017-10-24,2507753.0
2017-10-25,2466755.0
2017-10-26,2478719.0
2017-10-27,2457117.0
2017-10-28,2296109.0
2017-10-29,2221563.0
2017-10-30,2613812.0
2017-10-31,2781745.0
2017-11-01,3529301.0
2017-11-02,3353108.0
2017-11-03,2495137.0
2017-11-04,2414132.0
2017-11-05,2424432.0
2017-11-06,1885558.0
2017-11-07,2304032.0
2017-11-08,1995199.0
2017-11-09,2247934.0
2017-11-10,2431880.0
2017-11-11,2636913.0
2017-11-12,3386407.0
2017-11-13,3085336.0
2017-11-14,3233128.0
2017-11-15,3232167.0
2017-11-16,3233187.0
2017-11-17,3162906.0
2017-11-18,2923131.0
2017-11-19,2803548.0
2017-11-20,3190106.0
2017-11-21,3150921.0
2017-11-22,3039437.0
2017-11-23,2919409.0
2017-11-24,2894539.0
2017-11-25,2763137.0
2017-11-26,2895183.0
2017-11-27,3318834.0
2017-11-28,3356407.0
2017-11-29,3444098.0
2017-11-30,3582049.0
2017-12-01,3462012.0
2017-12-02,3122324.0
2017-12-03,2385765.0
2017-12-04,2448376.0
2017-12-05,2374550.0
2017-12-06,2239840.0
2017-12-07,2335420.0
2017-12-08,1843806.0
2017-12-09,2284059.0
2017-12-10,2408446.0
2017-12-11,2521947.0
2017-12-12,3550559.0
2017-12-13,3599139.0
2017-12-14,3461078.0
2017-12-15,3453200.0
2017-12-16,3266375.0
2017-12-17,3227568.0
2017-12-18,3492551.0
2017-12-19,3604244.0
2017-12-20,3567223.0
2017-12-21,3383877.0
2017-12-22,3193129.0
2017-12-23,2864912.0
2017-12-24,2796214.0
2017-12-25,2788581.0
2017-12-26,3029028.0
2017-12-27,3158506.0
2017-12-28,3324583.0
2017-12-29,3335390.0
2017-12-30,2874900.0
2017-12-31,2666093.0
2018-01-01,2702491.0
2018-01-02,3370259.0
2018-01-03,4059942.0
2018-01-04,2633139.0
2018-01-05,2198222.0
2018-01-06,2242293.0
2018-01-07,1956519.0
2018-01-08,2282965.0
2018-01-09,1973250.0
2018-01-10,2309451.0
2018-01-11,2581080.0
2018-01-12,2813441.0
2018-01-13,3166814.0
2018-01-14,3054643.0
2018-01-15,3391780.0
2018-01-16,3289540.0
2018-01-17,3383252.0
2018-01-18,3342482.0
2018-01-19,3303238.0
2018-01-20,3092924.0
2018-01-21,2848022.0
2018-01-22,3084619.0
2018-01-23,3114892.0
2018-01-24,3058864.0
2018-01-25,3123389.0
2018-01-26,3215306.0
2018-01-27,3064449.0
2018-01-28,2880272.0
2018-01-29,3160004.0
2018-01-30,3180797.0
2018-01-31,3238832.0
2018-02-01,3028933.0
2018-02-02,3479579.0
2018-02-03,3690374.0
2018-02-04,2578209.0
2018-02-05,2515488.0
2018-02-06,1977700.0
2018-02-07,2296077.0
2018-02-08,2299005.0
2018-02-09,1861526.0
2018-02-10,2430318.0
2018-02-11,2720599.0
2018-02-12,2600142.0
2018-02-13,3793353.0
2018-02-14,3746192.0
2018-02-15,3450641.0
2018-02-16,3303252.0
2018-02-17,3020096.0
2018-02-18,2994819.0
2018-02-19,3385389.0
2018-02-20,3378728.0
2018-02-21,3510338.0
2018-02-22,3691970.0
2018-02-23,3731116.0
2018-02-24,3472809.0
2018-02-25,3373165.0
2018-02-26,3930316.0
2018-02-27,4176584.0
2018-02-28,4300788.0
2018-03-01,3060532.0
2018-03-02,3242636.0
2018-03-03,3213039.0
2018-03-04,2773408.0
2018-03-05,2487347.0
2018-03-06,1847453.0
2018-03-07,2366292.0
2018-03-08,2288115.0
2018-03-09,2188559.0
2018-03-10,2393417.0
2018-03-11,2683593.0
2018-03-12,2823820.0
2018-03-13,2997600.0
2018-03-14,2996319.0
2018-03-15,2976572.0
2018-03-16,2937712.0
2018-03-17,2868526.0
2018-03-18,2963046.0
2018-03-19,3474705.0
2018-03-20,3568644.0
2018-03-21,3520836.0
2018-03-22,3460268.0
2018-03-23,3316238.0
2018-03-24,2894868.0
2018-03-25,2676627.0
2018-03-26,2979719.0
2018-03-27,3080131.0
2018-03-28,3011405.0
2018-03-29,3029084.0
2018-03-30,3031569.0
2018-03-31,2796393.0
2018-04-01,3032111.0
2018-04-02,3184498.0
2018-04-03,2979004.0
2018-04-04,2790702.0
2018-04-05,2414224.0
2018-04-06,2204380.0
2018-04-07,2363251.0
2018-04-08,2073284.0
2018-04-09,2262903.0
2018-04-10,2368298.0
2018-04-11,2548072.0
2018-04-12,2874814.0
2018-04-13,2610009.0
2018-04-14,2329731.0
2018-04-15,2172207.0
2018-04-16,2462930.0
2018-04-17,2452470.0
2018-04-18,2327704.0
2018-04-19,2271117.0
2018-04-20,2267347.0
2018-04-21,2007833.0
2018-04-22,1872591.0
2018-04-23,2180496.0
2018-04-24,2248797.0
2018-04-25,2290695.0
2018-04-26,2331114.0
2018-04-27,2333180.0
2018-04-28,2091811.0
2018-04-29,2057128.0
2018-04-30,2428320.0
2018-05-01,2991314.0
2018-05-02,3707082.0
2018-05-03,3226353.0
2018-05-04,2812880.0
2018-05-05,2099648.0
2018-05-06,2260208.0
2018-05-07,2317001.0
2018-05-08,1943578.0
2018-05-09,2280284.0
2018-05-10,2331139.0
2018-05-11,2747710.0
2018-05-12,2966323.0
2018-05-13,1995050.0
2018-05-14,2423007.0
2018-05-15,2448261.0
2018-05-16,2380273.0
2018-05-17,2356497.0
2018-05-18,2298143.0
2018-05-19,2033190.0
2018-05-20,1887324.0
2018-05-21,1953830.0
2018-05-22,2235444.0
2018-05-23,2258157.0
2018-05-24,2268990.0
2018-05-25,2265279.0
2018-05-26,1997432.0
2018-05-27,1866611.0
2018-05-28,2202698.0
2018-05-29,2244664.0
2018-05-30,2272378.0
2018-05-31,2271702.0
2018-06-01,2842899.0
2018-06-02,3778029.0
2018-06-03,3211271.0
2018-06-04,2718306.0
2018-06-05,1907321.0
2018-06-06,2273464.0
2018-06-07,2289785.0
2018-06-08,2176135.0
2018-06-09,2274789.0
2018-06-10,2048965.0
2018-06-11,2742491.0
2018-06-12,2907285.0
2018-06-13,2234532.0
2018-06-14,2254948.0
2018-06-15,2240724.0
2018-06-16,1982111.0
2018-06-17,1844762.0
2018-06-18,2189592.0
2018-06-19,2276112.0
2018-06-20,2320042.0
2018-06-21,2298580.0
2018-06-22,2219477.0
2018-06-23,1964612.0
2018-06-24,1851406.0
2018-06-25,2207821.0
2018-06-26,2289178.0
2018-06-27,2307089.0
2018-06-28,2308662.0
2018-06-29,2302271.0
2018-06-30,2085819.0
2018-07-01,2820585.0
2018-07-02,3842355.0
2018-07-03,3257913.0
2018-07-04,2330315.0
2018-07-05,2115336.0
2018-07-06,2259849.0
2018-07-07,2058487.0
2018-07-08,2201323.0
2018-07-09,2244039.0
2018-07-10,1977516.0
2018-07-11,2825245.0
2018-07-12,2917708.0
2018-07-13,2325425.0
2018-07-14,2027083.0
2018-07-15,1927115.0
2018-07-16,2242793.0
2018-07-17,2313425.0
2018-07-18,2335367.0
2018-07-19,2350072.0
2018-07-20,2296333.0
2018-07-21,2010683.0
2018-07-22,1890294.0
2018-07-23,2254028.0
2018-07-24,2341628.0
2018-07-25,2373798.0
2018-07-26,2393513.0
2018-07-27,2341093.0
2018-07-28,2027022.0
2018-07-29,1903923.0
2018-07-30,2207759.0
2018-07-31,2278056.0
2018-08-01,3223925.0
2018-08-02,3851051.0
2018-08-03,3253830.0
2018-08-04,2173031.0
2018-08-05,1958325.0
2018-08-06,2242028.0
2018-08-07,1940431.0
2018-08-08,2140464.0
2018-08-09,1986108.0
2018-08-10,2330772.0
2018-08-11,2865095.0
2018-08-12,2782919.0
2018-08-13,1971663.0
2018-08-14,2002097.0
2018-08-15,1858564.0
2018-08-16,2033213.0
2018-08-17,2025115.0
2018-08-18,1887647.0
2018-08-19,1813177.0
2018-08-20,2100251.0
2018-08-21,2183712.0
2018-08-22,2209476.0
2018-08-23,2204931.0
2018-08-24,2142083.0
2018-08-25,1917105.0
2018-08-26,1811181.0
2018-08-27,2145233.0
2018-08-28,2241082.0
2018-08-29,2246245.0
2018-08-30,2237786.0
2018-08-31,2215187.0
2018-09-01,3296814.0
2018-09-02,3834079.0
2018-09-03,3082593.0
2018-09-04,2540301.0
2018-09-05,2109138.0
2018-09-06,1999661.0
2018-09-07,2294131.0
2018-09-08,2076201.0
2018-09-09,1877555.0
2018-09-10,2367686.0
2018-09-11,2802345.0
2018-09-12,2660403.0
2018-09-13,2298859.0
2018-09-14,2256112.0
2018-09-15,1997371.0
2018-09-16,1884290.0
2018-09-17,2230365.0
2018-09-18,2281573.0
2018-09-19,2296673.0
2018-09-20,2293809.0
2018-09-21,2264322.0
2018-09-22,1994804.0
2018-09-23,1913291.0
2018-09-24,2230931.0
2018-09-25,2306264.0
2018-09-26,2334212.0
2018-09-27,2326470.0
2018-09-28,2282608.0
2018-09-29,2042887.0
2018-09-30,1954988.0
2018-10-01,3235450.0
2018-10-02,3474523.0
2018-10-03,2656846.0
2018-10-04,2647207.0
2018-10-05,1971759.0
2018-10-06,1874669.0
2018-10-07,2341434.0
2018-10-08,2019510.0
2018-10-09,2215550.0
2018-10-10,2352010.0
2018-10-11,2497762.0
2018-10-12,3071984.0
2018-10-13,2026889.0
2018-10-14,1916257.0
2018-10-15,2249701.0
2018-10-16,2314348.0
2018-10-17,2336390.0
2018-10-18,2336807.0
2018-10-19,2328010.0
2018-10-20,2096067.0
2018-10-21,2018907.0
2018-10-22,2404208.0
2018-10-23,2514979.0
2018-10-24,2516608.0
2018-10-25,2482536.0
2018-10-26,2541290.0
2018-10-27,2435042.0
2018-10-28,2528282.0
2018-10-29,3046953.0
2018-10-30,3081850.0
2018-10-31,2993417.0
2018-11-01,3288771.0
2018-11-02,3222483.0
2018-11-03,2444561.0
2018-11-04,2692073.0
2018-11-05,2118701.0
2018-11-06,2219039.0
2018-11-07,2318439.0
2018-11-08,1872023.0
2018-11-09,2294786.0
2018-11-10,2329622.0
2018-11-11,2345520.0
2018-11-12,3276324.0
2018-11-13,2719289.0
2018-11-14,2786442.0
2018-11-15,2796664.0
2018-11-16,2842412.0
2018-11-17,2703579.0
2018-11-18,2723164.0
2018-11-19,3288696.0
2018-11-20,3446570.0
2018-11-21,3445756.0
2018-11-22,3381778.0
2018-11-23,3283337.0
2018-11-24,2897325.0
2018-11-25,2833371.0
2018-11-26,3226464.0
2018-11-27,3293837.0
2018-11-28,3198150.0
2018-11-29,3085460.0
2018-11-30,3029738.0
2018-12-01,3354713.0
2018-12-02,3569762.0
2018-12-03,2882992.0
2018-12-04,2688902.0
2018-12-05,2010968.0
2018-12-06,2245246.0
2018-12-07,2331272.0
2018-12-08,1773863.0
2018-12-09,2306157.0
2018-12-10,2298290.0
2018-12-11,2663355.0
2018-12-12,3446096.0
2018-12-13,3604508.0
2018-12-14,3660522.0
2018-12-15,3442873.0
2018-12-16,3127061.0
2018-12-17,3321475.0
2018-12-18,3395381.0
2018-12-19,3270433.0
2018-12-20,3236430.0
2018-12-21,3082204.0
2018-12-22,2682910.0
2018-12-23,2550634.0
2018-12-24,2607886.0
2018-12-25,2620049.0
2018-12-26,3129238.0
2018-12-27,3301616.0
2018-12-28,3282641.0
2018-12-29,3132908.0
2018-12-30,2954841.0
2018-12-31,2995511.0
2019-01-01,2805931.0
2019-01-02,3549292.0
2019-01-03,2847399.0
2019-01-04,2504206.0
2019-01-05,2062359.0
2019-01-06,1955844.0
2019-01-07,2303902.0
2019-01-08,2145498.0
2019-01-09,1883774.0
2019-01-10,2279302.0
2019-01-11,2276035.0
2019-01-12,2829333.0
2019-01-13,2984809.0
2019-01-14,3267462.0
2019-01-15,3389755.0
2019-01-16,3500463.0
2019-01-17,3426860.0
2019-01-18,3598606.0
2019-01-19,3385529.0
2019-01-20,3227828.0
2019-01-21,3686838.0
2019-01-22,3810250.0
2019-01-23,3775639.0
2019-01-24,3854882.0
2019-01-25,3720508.0
2019-01-26,3240401.0
2019-01-27,3092718.0
2019-01-28,3545068.0
2019-01-29,3680426.0
2019-01-30,3706362.0
2019-01-31,3758763.0
2019-02-01,3174502.0
2019-02-02,3327991.0
2019-02-03,2623076.0
2019-02-04,2591176.0
2019-02-05,2392375.0
2019-02-06,1849918.0
2019-02-07,2332127.0
2019-02-08,2121476.0
2019-02-09,2165720.0
2019-02-10,2298403.0
2019-02-11,2224342.0
2019-02-12,3282607.0
2019-02-13,3449149.0
2019-02-14,3359231.0
2019-02-15,3212648.0
2019-02-16,2890109.0
2019-02-17,2703702.0
2019-02-18,3028405.0
2019-02-19,3105509.0
2019-02-20,3146320.0
2019-02-21,3089633.0
2019-02-22,2983150.0
2019-02-23,2647685.0
2019-02-24,2577424.0
2019-02-25,2902230.0
2019-02-26,2871599.0
2019-02-27,2821453.0
2019-02-28,2838757.0
2019-03-01,3476633.0
2019-03-02,3298144.0
2019-03-03,2492951.0
2019-03-04,2830680.0
2019-03-05,2453418.0
2019-03-06,2174147.0
2019-03-07,2341694.0
2019-03-08,1928533.0
2019-03-09,2233566.0
2019-03-10,2371341.0
2019-03-11,2228059.0
2019-03-12,3469313.0
2019-03-13,3084251.0
2019-03-14,3126021.0
2019-03-15,2954421.0
2019-03-16,2567710.0
2019-03-17,2524062.0
2019-03-18,2991648.0
2019-03-19,3017807.0
2019-03-20,2978047.0
2019-03-21,2883229.0
2019-03-22,2771062.0
2019-03-23,2470537.0
2019-03-24,2343277.0
2019-03-25,2739697.0
2019-03-26,2830127.0
2019-03-27,2824211.0
2019-03-28,2772941.0
2019-03-29,2671097.0
2019-03-30,2348261.0
2019-03-31,2219082.0
2019-04-01,3601721.0
2019-04-02,3752292.0
2019-04-03,2891003.0
2019-04-04,2944131.0
2019-04-05,2337551.0
2019-04-06,2233114.0
2019-04-07,2360030.0
2019-04-08,1833675.0
2019-04-09,2248086.0
2019-04-10,2353344.0
2019-04-11,2600675.0
2019-04-12,3535167.0
2019-04-13,2551324.0
2019-04-14,2507564.0
2019-04-15,2757722.0
2019-04-16,2699638.0
2019-04-17,2609197.0
2019-04-18,2471222.0
2019-04-19,2349581.0
2019-04-20,2077533.0
2019-04-21,1945938.0
2019-04-22,1974781.0
2019-04-23,2296788.0
2019-04-24,2364225.0
2019-04-25,2444457.0
2019-04-26,2460075.0
2019-04-27,2247089.0
2019-04-28,2226935.0
2019-04-29,2506997.0
2019-04-30,2460162.0
2019-05-01,3385245.0
2019-05-02,3614815.0
2019-05-03,2970972.0
2019-05-04,2881382.0
2019-05-05,2349931.0
2019-05-06,2247564.0
2019-05-07,2375316.0
2019-05-08,2052556.0
2019-05-09,2227617.0
2019-05-10,2092811.0
2019-05-11,2734049.0
2019-05-12,3520558.0
2019-05-13,2396844.0
2019-05-14,2384076.0
2019-05-15,2367009.0
2019-05-16,2361935.0
2019-05-17,2372743.0
2019-05-18,2141921.0
2019-05-19,2050723.0
2019-05-20,2362711.0
2019-05-21,2357370.0
2019-05-22,2318979.0
2019-05-23,2288016.0
2019-05-24,2249883.0
2019-05-25,1997036.0
2019-05-26,1888499.0
2019-05-27,2212073.0
2019-05-28,2281376.0
2019-05-29,2301000.0
2019-05-30,1992474.0
2019-05-31,2072417.0
2019-06-01,3249343.0
2019-06-02,3473811.0
2019-06-03,2961261.0
2019-06-04,2587600.0
2019-06-05,2647210.0
2019-06-06,2240475.0
2019-06-07,2120490.0
2019-06-08,2080308.0
2019-06-09,2204645.0
2019-06-10,1984079.0
2019-06-11,2781379.0
2019-06-12,3468084.0
2019-06-13,2277714.0
2019-06-14,2250294.0
2019-06-15,1987601.0
2019-06-16,1868782.0
2019-06-17,2197536.0
2019-06-18,2260565.0
2019-06-19,2258668.0
2019-06-20,2243416.0
2019-06-21,2212698.0
2019-06-22,1970924.0
2019-06-23,1875693.0
2019-06-24,2265987.0
2019-06-25,2369984.0
2019-06-26,2415386.0
2019-06-27,2447145.0
2019-06-28,2406485.0
2019-06-29,2168872.0
2019-06-30,2017340.0
2019-07-01,3528479.0
2019-07-02,3387348.0
2019-07-03,2931343.0
2019-07-04,2436010.0
2019-07-05,2576648.0
2019-07-06,2226484.0
2019-07-07,1970199.0
2019-07-08,2054800.0
2019-07-09,1955214.0
2019-07-10,2323038.0
2019-07-11,2872143.0
2019-07-12,2952233.0
2019-07-13,2049021.0
2019-07-14,1896954.0
2019-07-15,2206213.0
2019-07-16,2288215.0
2019-07-17,2309356.0
2019-07-18,2307968.0
2019-07-19,2296382.0
2019-07-20,2055504.0
2019-07-21,1940550.0
2019-07-22,2316664.0
2019-07-23,2426972.0
2019-07-24,2459908.0
2019-07-25,2455973.0
2019-07-26,2329117.0
2019-07-27,1971376.0
2019-07-28,1796530.0
2019-07-29,2093730.0
2019-07-30,2145202.0
2019-07-31,2135541.0
2019-08-01,3479638.0
2019-08-02,3357586.0
2019-08-03,2946992.0
2019-08-04,2718097.0
2019-08-05,2273773.0
2019-08-06,1983129.0
2019-08-07,2278723.0
2019-08-08,2084274.0
2019-08-09,1863237.0
2019-08-10,2370627.0
2019-08-11,2965023.0
2019-08-12,2777558.0
2019-08-13,1955361.0
2019-08-14,1968412.0
2019-08-15,1805218.0
2019-08-16,1912804.0
2019-08-17,1845572.0
2019-08-18,1778740.0
2019-08-19,2001872.0
2019-08-20,2052048.0
2019-08-21,2070757.0
2019-08-22,2088852.0
2019-08-23,2100645.0
2019-08-24,1936895.0
2019-08-25,1851395.0
2019-08-26,2189955.0
2019-08-27,2263373.0
2019-08-28,2275863.0
2019-08-29,2274125.0
2019-08-30,2260743.0
2019-08-31,2020983.0
2019-09-01,3556867.0
2019-09-02,3007282.0
2019-09-03,2644055.0
2019-09-04,2713827.0
2019-09-05,2504241.0
2019-09-06,1856597.0
2019-09-07,2274820.0
2019-09-08,2097262.0
2019-09-09,2199626.0
2019-09-10,2393473.0
2019-09-11,2762729.0
2019-09-12,3186645.0
2019-09-13,2229894.0
2019-09-14,1978673.0
2019-09-15,1874027.0
2019-09-16,2204958.0
2019-09-17,2248836.0
2019-09-18,2237799.0
2019-09-19,2231693.0
2019-09-20,2216893.0
2019-09-21,1971314.0
2019-09-22,1849230.0
2019-09-23,2155050.0
2019-09-24,2216050.0
2019-09-25,2250781.0
2019-09-26,2267484.0
2019-09-27,2229980.0
2019-09-28,1989061.0
2019-09-29,1900430.0
2019-09-30,2218996.0
2019-10-01,3718722.0
2019-10-02,2896490.0
2019-10-03,2460186.0
2019-10-04,2729074.0
2019-10-05,2476393.0
2019-10-06,1950210.0
2019-10-07,2297640.0
2019-10-08,1883795.0
2019-10-09,2248593.0
2019-10-10,2396861.0
2019-10-11,2672734.0
2019-10-12,3352215.0
2019-10-13,1942613.0
2019-10-14,2250329.0
2019-10-15,2327158.0
2019-10-16,2394350.0
2019-10-17,2400403.0
2019-10-18,2376798.0
2019-10-19,2145964.0
2019-10-20,2072094.0
2019-10-21,2434160.0
2019-10-22,2553615.0
2019-10-23,2520194.0
2019-10-24,2479305.0
2019-10-25,2445982.0
2019-10-26,2175135.0
2019-10-27,2107321.0
2019-10-28,2517475.0
2019-10-29,2604904.0
2019-10-30,2625654.0
2019-10-31,2597777.0
2019-11-01,3673595.0
2019-11-02,3347275.0
2019-11-03,2931548.0
2019-11-04,2744205.0
2019-11-05,2199624.0
2019-11-06,2260202.0
2019-11-07,2317411.0
2019-11-08,1764341.0
2019-11-09,2255681.0
2019-11-10,2352356.0
2019-11-11,2762042.0
2019-11-12,3391393.0
2019-11-13,3186857.0
2019-11-14,3284673.0
2019-11-15,3341527.0
2019-11-16,3064840.0
2019-11-17,2935636.0
2019-11-18,3305812.0
2019-11-19,3362552.0
2019-11-20,3420781.0
2019-11-21,3355829.0
2019-11-22,3170608.0
2019-11-23,2790970.0
2019-11-24,2685344.0
2019-11-25,2961316.0
2019-11-26,2935257.0
2019-11-27,2914735.0
2019-11-28,2923850.0
2019-11-29,2929578.0
2019-11-30,2845415.0
2019-12-01,3290997.0
2019-12-02,3444624.0
2019-12-03,3066197.0
2019-12-04,2746410.0
2019-12-05,2098750.0
2019-12-06,2299284.0
2019-12-07,2303608.0
2019-12-08,1934388.0
2019-12-09,2259590.0
2019-12-10,2070644.0
2019-12-11,3103346.0
2019-12-12,3401135.0
2019-12-13,3250463.0
2019-12-14,2885002.0
2019-12-15,2708432.0
2019-12-16,3006940.0
2019-12-17,2935836.0
2019-12-18,2956612.0
2019-12-19,2886479.0
2019-12-20,2825109.0
2019-12-21,2698681.0
2019-12-22,2634306.0
2019-12-23,2837365.0
2019-12-24,2675502.0
2019-12-25,2439757.0
2019-12-26,2783909.0
2019-12-27,2767431.0
2019-12-28,2715478.0
2019-12-29,2870866.0
2019-12-30,3165077.0
2019-12-31,3198360.0
2020-01-01,2907710.0
2020-01-02,2656012.0
2020-01-03,2735326.0
2020-01-04,2523374.0
2020-01-05,1886965.0
2020-01-06,1794625.0
2020-01-07,2201790.0
2020-01-08,1982034.0
2020-01-09,2162030.0
2020-01-10,2349314.0
2020-01-11,2138274.0
2020-01-12,3236979.0
2020-01-13,3245357.0
2020-01-14,3220782.0
2020-01-15,3150429.0
2020-01-16,3100136.0
2020-01-17,3098058.0
2020-01-18,3009259.0
2020-01-19,3056905.0
2020-01-20,3500099.0
2020-01-21,3583199.0
2020-01-22,3618232.0
2020-01-23,3598711.0
2020-01-24,3509409.0
2020-01-25,3192902.0
2020-01-26,2956582.0
2020-01-27,3263542.0
2020-01-28,3312048.0
2020-01-29,3272938.0
2020-01-30,3226956.0
2020-01-31,2957171.0
2020-02-01,3108885.0
2020-02-02,2511798.0
2020-02-03,3118094.0
2020-02-04,2501292.0
2020-02-05,1892911.0
2020-02-06,2060732.0
2020-02-07,2192446.0
2020-02-08,1813446.0
2020-02-09,2167045.0
2020-02-10,2400161.0
2020-02-11,2377661.0
2020-02-12,3259779.0
2020-02-13,3210746.0
2020-02-14,3029397.0
2020-02-15,2743279.0
2020-02-16,2520055.0
2020-02-17,2901544.0
2020-02-18,3065818.0
2020-02-19,3096207.0
2020-02-20,3056696.0
2020-02-21,3073051.0
2020-02-22,2796096.0
2020-02-23,2567667.0
2020-02-24,2818874.0
2020-02-25,2937388.0
2020-02-26,3183655.0
2020-02-27,3261196.0
2020-02-28,3205489.0
2020-02-29,2801024.0
2020-03-01,3054351.0
2020-03-02,2786960.0
2020-03-03,3255289.0
2020-03-04,2419040.0
2020-03-05,1828050.0
2020-03-06,2096907.0
2020-03-07,2150298.0
2020-03-08,1983925.0
2020-03-09,2189173.0
2020-03-10,2200863.0
2020-03-11,2565999.0
2020-03-12,3241174.0
2020-03-13,2849485.0
2020-03-14,2635693.0
2020-03-15,2432574.0
2020-03-16,2691749.0
2020-03-17,2583044.0
2020-03-18,2395530.0
2020-03-19,2279954.0
2020-03-20,2222292.0
2020-03-21,2200274.0
2020-03-22,2224202.0
2020-03-23,2392773.0
2020-03-24,2448551.0
2020-03-25,2494671.0
2020-03-26,2533971.0
2020-03-27,2486307.0
2020-03-28,2262544.0
2020-03-29,2312676.0
2020-03-30,2656209.0
2020-03-31,2601766.0
2020-04-01,2914600.0
2020-04-02,3032832.0
2020-04-03,3245861.0
2020-04-04,2202498.0
2020-04-05,2006317.0
2020-04-06,2099840.0
2020-04-07,1932738.0
2020-04-08,2009084.0
2020-04-09,2180623.0
2020-04-10,2128311.0
2020-04-11,2737902.0
2020-04-12,3218820.0
2020-04-13,1820467.0
2020-04-14,2062013.0
2020-04-15,2109272.0
2020-04-16,2051313.0
2020-04-17,1989723.0
2020-04-18,1836193.0
2020-04-19,1795747.0
2020-04-20,2006955.0
2020-04-21,2051111.0
2020-04-22,2052391.0
2020-04-23,2027763.0
2020-04-24,1983548.0
2020-04-25,1823018.0
2020-04-26,1776418.0
2020-04-27,1979211.0
2020-04-28,2056626.0
2020-04-29,2101042.0
2020-04-30,2118568.0
2020-05-01,2896313.0
2020-05-02,3165125.0
2020-05-03,3138392.0
2020-05-04,2006522.0
2020-05-05,2031425.0
2020-05-06,2083414.0
2020-05-07,1849114.0
2020-05-08,2029969.0
2020-05-09,1920660.0
2020-05-10,2481643.0
2020-05-11,2776964.0
2020-05-12,3085250.0
2020-05-13,2216244.0
2020-05-14,2219816.0
2020-05-15,2163979.0
2020-05-16,1926984.0
2020-05-17,1796680.0
2020-05-18,2021602.0
2020-05-19,2036909.0
2020-05-20,2026109.0
2020-05-21,1811379.0
2020-05-22,1885941.0
2020-05-23,1784109.0
2020-05-24,1697074.0
2020-05-25,1981602.0
2020-05-26,2037529.0
2020-05-27,2038813.0
2020-05-28,2042561.0
2020-05-29,2011578.0
2020-05-30,1807458.0
2020-05-31,1692367.0
2020-06-01,3345934.0
2020-06-02,3265642.0
2020-06-03,3183785.0
2020-06-04,2125924.0
2020-06-05,2012121.0
2020-06-06,1863035.0
2020-06-07,2142877.0
2020-06-08,2067668.0
2020-06-09,1815119.0
2020-06-10,2508895.0
2020-06-11,2706559.0
2020-06-12,2988816.0
2020-06-13,1891863.0
2020-06-14,1789226.0
2020-06-15,2079371.0
2020-06-16,2136169.0
2020-06-17,2139376.0
2020-06-18,2140502.0
2020-06-19,2108717.0
2020-06-20,1891540.0
2020-06-21,1783848.0
2020-06-22,2094232.0
2020-06-23,2164281.0
2020-06-24,2205036.0
2020-06-25,2236720.0
2020-06-26,2184816.0
2020-06-27,1922665.0
2020-06-28,1819984.0
2020-06-29,2116536.0
2020-06-30,2173558.0
2020-07-01,3280093.0
2020-07-02,3258764.0
2020-07-03,2904269.0
2020-07-04,2130100.0
2020-07-05,1991645.0
2020-07-06,1774364.0
2020-07-07,2201895.0
2020-07-08,2099616.0
2020-07-09,2119674.0
2020-07-10,2456687.0
2020-07-11,2365706.0
2020-07-12,3388953.0
2020-07-13,2038544.0
2020-07-14,1923076.0
2020-07-15,2163375.0
2020-07-16,2203723.0
2020-07-17,2198081.0
2020-07-18,1971626.0
2020-07-19,1862588.0
2020-07-20,2178263.0
2020-07-21,2238782.0
2020-07-22,2235785.0
2020-07-23,2245284.0
2020-07-24,2203449.0
2020-07-25,1967171.0
2020-07-26,1852208.0
2020-07-27,2165447.0
2020-07-28,2205572.0
2020-07-29,2210893.0
2020-07-30,2244871.0
2020-07-31,2235259.0
2020-08-01,3136679.0
2020-08-02,2873137.0
2020-08-03,2714824.0
2020-08-04,2064286.0
2020-08-05,1795027.0
2020-08-06,2062482.0
2020-08-07,2230442.0
2020-08-08,1957135.0
2020-08-09,2189886.0
2020-08-10,2419067.0
2020-08-11,2187853.0
2020-08-12,3422879.0
2020-08-13,2044938.0
2020-08-14,2012517.0
2020-08-15,1841428.0
2020-08-16,1758823.0
2020-08-17,1969909.0
2020-08-18,2034341.0
2020-08-19,2070801.0
2020-08-20,2125608.0
2020-08-21,2127684.0
2020-08-22,1922587.0
2020-08-23,1796117.0
2020-08-24,2059129.0
2020-08-25,2150922.0
2020-08-26,2174630.0
2020-08-27,2175106.0
2020-08-28,2130903.0
2020-08-29,1882197.0
2020-08-30,1792105.0
2020-08-31,2093276.0
2020-09-01,3050109.0
2020-09-02,2723407.0
2020-09-03,3017324.0
2020-09-04,2018379.0
2020-09-05,1758479.0
2020-09-06,2138099.0
2020-09-07,2266769.0
2020-09-08,1876527.0
2020-09-09,2202867.0
2020-09-10,2364481.0
2020-09-11,2450371.0
2020-09-12,3492476.0
2020-09-13,1845693.0
2020-09-14,2179894.0
2020-09-15,2247177.0
2020-09-16,2260645.0
2020-09-17,2230593.0
2020-09-18,2196165.0
2020-09-19,1964356.0
2020-09-20,1833099.0
2020-09-21,2130455.0
2020-09-22,2173868.0
2020-09-23,2182267.0
2020-09-24,2196064.0
2020-09-25,2221370.0
2020-09-26,2057809.0
2020-09-27,2058329.0
2020-09-28,2382801.0
2020-09-29,2391545.0
2020-09-30,2341737.0
2020-10-01,3097983.0
2020-10-02,2948187.0
2020-10-03,3031507.0
2020-10-04,1959944.0
2020-10-05,1724113.0
2020-10-06,2152759.0
2020-10-07,2221804.0
2020-10-08,2078104.0
2020-10-09,2207652.0
2020-10-10,2164148.0
2020-10-11,2515243.0
2020-10-12,3410143.0
2020-10-13,2634966.0
2020-10-14,2678617.0
2020-10-15,2740701.0
2020-10-16,2725305.0
2020-10-17,2446043.0
2020-10-18,2337216.0
2020-10-19,2643426.0
2020-10-20,2604578.0
2020-10-21,2475599.0
2020-10-22,2433930.0
2020-10-23,2411968.0
2020-10-24,2202981.0
2020-10-25,2173890.0
2020-10-26,2578937.0
2020-10-27,2692482.0
2020-10-28,2631553.0
2020-10-29,2575275.0
2020-10-30,2480341.0
2020-10-31,2245964.0
2020-11-01,2970002.0
2020-11-02,3095195.0
2020-11-03,2810173.0
2020-11-04,1831454.0
2020-11-05,2066020.0
2020-11-06,2154159.0
2020-11-07,1955287.0
2020-11-08,2123061.0
2020-11-09,2182010.0
2020-11-10,2152896.0
2020-11-11,2325065.0
2020-11-12,3263612.0
2020-11-13,2542780.0
2020-11-14,2266669.0
2020-11-15,2225663.0
2020-11-16,2579010.0
2020-11-17,2667305.0
2020-11-18,2664822.0
2020-11-19,2707214.0
2020-11-20,2840647.0
2020-11-21,2717401.0
2020-11-22,2672156.0
2020-11-23,2967762.0
2020-11-24,3046202.0
2020-11-25,2997328.0
2020-11-26,2955940.0
2020-11-27,2900490.0
2020-11-28,2658021.0
2020-11-29,2716942.0
2020-11-30,3210794.0
2020-12-01,2932278.0
2020-12-02,3176704.0
2020-12-03,2799168.0
2020-12-04,1769971.0
2020-12-05,2180076.0
2020-12-06,2124734.0
2020-12-07,1836576.0
2020-12-08,2103763.0
2020-12-09,1943086.0
2020-12-10,2551549.0
2020-12-11,2540793.0
2020-12-12,2892836.0
2020-12-13,2847815.0
2020-12-14,3076726.0
2020-12-15,3019466.0
2020-12-16,3070076.0
2020-12-17,3012108.0
2020-12-18,2970487.0
2020-12-19,2708184.0
2020-12-20,2602906.0
2020-12-21,2899792.0
2020-12-22,2736373.0
2020-12-23,2693424.0
2020-12-24,2724488.0
2020-12-25,2751012.0
2020-12-26,2977541.0
2020-12-27,2983241.0
2020-12-28,3093354.0
2020-12-29,3129947.0
2020-12-30,3167524.0
2020-12-31,3127882.0
